,links
0,/pokedex-sm/001.shtml
1,/pokedex-sm/002.shtml
2,/pokedex-sm/003.shtml
3,/pokedex-sm/004.shtml
4,/pokedex-sm/005.shtml
5,/pokedex-sm/006.shtml
6,/pokedex-sm/007.shtml
7,/pokedex-sm/008.shtml
8,/pokedex-sm/009.shtml
9,/pokedex-sm/010.shtml
10,/pokedex-sm/011.shtml
11,/pokedex-sm/012.shtml
12,/pokedex-sm/013.shtml
13,/pokedex-sm/014.shtml
14,/pokedex-sm/015.shtml
15,/pokedex-sm/016.shtml
16,/pokedex-sm/017.shtml
17,/pokedex-sm/018.shtml
18,/pokedex-sm/019.shtml
19,/pokedex-sm/020.shtml
20,/pokedex-sm/021.shtml
21,/pokedex-sm/022.shtml
22,/pokedex-sm/023.shtml
23,/pokedex-sm/024.shtml
24,/pokedex-sm/025.shtml
25,/pokedex-sm/026.shtml
26,/pokedex-sm/027.shtml
27,/pokedex-sm/028.shtml
28,/pokedex-sm/029.shtml
29,/pokedex-sm/030.shtml
30,/pokedex-sm/031.shtml
31,/pokedex-sm/032.shtml
32,/pokedex-sm/033.shtml
33,/pokedex-sm/034.shtml
34,/pokedex-sm/035.shtml
35,/pokedex-sm/036.shtml
36,/pokedex-sm/037.shtml
37,/pokedex-sm/038.shtml
38,/pokedex-sm/039.shtml
39,/pokedex-sm/040.shtml
40,/pokedex-sm/041.shtml
41,/pokedex-sm/042.shtml
42,/pokedex-sm/043.shtml
43,/pokedex-sm/044.shtml
44,/pokedex-sm/045.shtml
45,/pokedex-sm/046.shtml
46,/pokedex-sm/047.shtml
47,/pokedex-sm/048.shtml
48,/pokedex-sm/049.shtml
49,/pokedex-sm/050.shtml
50,/pokedex-sm/051.shtml
51,/pokedex-sm/052.shtml
52,/pokedex-sm/053.shtml
53,/pokedex-sm/054.shtml
54,/pokedex-sm/055.shtml
55,/pokedex-sm/056.shtml
56,/pokedex-sm/057.shtml
57,/pokedex-sm/058.shtml
58,/pokedex-sm/059.shtml
59,/pokedex-sm/060.shtml
60,/pokedex-sm/061.shtml
61,/pokedex-sm/062.shtml
62,/pokedex-sm/063.shtml
63,/pokedex-sm/064.shtml
64,/pokedex-sm/065.shtml
65,/pokedex-sm/066.shtml
66,/pokedex-sm/067.shtml
67,/pokedex-sm/068.shtml
68,/pokedex-sm/069.shtml
69,/pokedex-sm/070.shtml
70,/pokedex-sm/071.shtml
71,/pokedex-sm/072.shtml
72,/pokedex-sm/073.shtml
73,/pokedex-sm/074.shtml
74,/pokedex-sm/075.shtml
75,/pokedex-sm/076.shtml
76,/pokedex-sm/077.shtml
77,/pokedex-sm/078.shtml
78,/pokedex-sm/079.shtml
79,/pokedex-sm/080.shtml
80,/pokedex-sm/081.shtml
81,/pokedex-sm/082.shtml
82,/pokedex-sm/083.shtml
83,/pokedex-sm/084.shtml
84,/pokedex-sm/085.shtml
85,/pokedex-sm/086.shtml
86,/pokedex-sm/087.shtml
87,/pokedex-sm/088.shtml
88,/pokedex-sm/089.shtml
89,/pokedex-sm/090.shtml
90,/pokedex-sm/091.shtml
91,/pokedex-sm/092.shtml
92,/pokedex-sm/093.shtml
93,/pokedex-sm/094.shtml
94,/pokedex-sm/095.shtml
95,/pokedex-sm/096.shtml
96,/pokedex-sm/097.shtml
97,/pokedex-sm/098.shtml
98,/pokedex-sm/099.shtml
99,/pokedex-sm/100.shtml
100,/pokedex-sm/101.shtml
101,/pokedex-sm/102.shtml
102,/pokedex-sm/103.shtml
103,/pokedex-sm/104.shtml
104,/pokedex-sm/105.shtml
105,/pokedex-sm/106.shtml
106,/pokedex-sm/107.shtml
107,/pokedex-sm/108.shtml
108,/pokedex-sm/109.shtml
109,/pokedex-sm/110.shtml
110,/pokedex-sm/111.shtml
111,/pokedex-sm/112.shtml
112,/pokedex-sm/113.shtml
113,/pokedex-sm/114.shtml
114,/pokedex-sm/115.shtml
115,/pokedex-sm/116.shtml
116,/pokedex-sm/117.shtml
117,/pokedex-sm/118.shtml
118,/pokedex-sm/119.shtml
119,/pokedex-sm/120.shtml
120,/pokedex-sm/121.shtml
121,/pokedex-sm/122.shtml
122,/pokedex-sm/123.shtml
123,/pokedex-sm/124.shtml
124,/pokedex-sm/125.shtml
125,/pokedex-sm/126.shtml
126,/pokedex-sm/127.shtml
127,/pokedex-sm/128.shtml
128,/pokedex-sm/129.shtml
129,/pokedex-sm/130.shtml
130,/pokedex-sm/131.shtml
131,/pokedex-sm/132.shtml
132,/pokedex-sm/133.shtml
133,/pokedex-sm/134.shtml
134,/pokedex-sm/135.shtml
135,/pokedex-sm/136.shtml
136,/pokedex-sm/137.shtml
137,/pokedex-sm/138.shtml
138,/pokedex-sm/139.shtml
139,/pokedex-sm/140.shtml
140,/pokedex-sm/141.shtml
141,/pokedex-sm/142.shtml
142,/pokedex-sm/143.shtml
143,/pokedex-sm/144.shtml
144,/pokedex-sm/145.shtml
145,/pokedex-sm/146.shtml
146,/pokedex-sm/147.shtml
147,/pokedex-sm/148.shtml
148,/pokedex-sm/149.shtml
149,/pokedex-sm/150.shtml
150,/pokedex-sm/151.shtml
151,/pokedex-sm/152.shtml
152,/pokedex-sm/153.shtml
153,/pokedex-sm/154.shtml
154,/pokedex-sm/155.shtml
155,/pokedex-sm/156.shtml
156,/pokedex-sm/157.shtml
157,/pokedex-sm/158.shtml
158,/pokedex-sm/159.shtml
159,/pokedex-sm/160.shtml
160,/pokedex-sm/161.shtml
161,/pokedex-sm/162.shtml
162,/pokedex-sm/163.shtml
163,/pokedex-sm/164.shtml
164,/pokedex-sm/165.shtml
165,/pokedex-sm/166.shtml
166,/pokedex-sm/167.shtml
167,/pokedex-sm/168.shtml
168,/pokedex-sm/169.shtml
169,/pokedex-sm/170.shtml
170,/pokedex-sm/171.shtml
171,/pokedex-sm/172.shtml
172,/pokedex-sm/173.shtml
173,/pokedex-sm/174.shtml
174,/pokedex-sm/175.shtml
175,/pokedex-sm/176.shtml
176,/pokedex-sm/177.shtml
177,/pokedex-sm/178.shtml
178,/pokedex-sm/179.shtml
179,/pokedex-sm/180.shtml
180,/pokedex-sm/181.shtml
181,/pokedex-sm/182.shtml
182,/pokedex-sm/183.shtml
183,/pokedex-sm/184.shtml
184,/pokedex-sm/185.shtml
185,/pokedex-sm/186.shtml
186,/pokedex-sm/187.shtml
187,/pokedex-sm/188.shtml
188,/pokedex-sm/189.shtml
189,/pokedex-sm/190.shtml
190,/pokedex-sm/191.shtml
191,/pokedex-sm/192.shtml
192,/pokedex-sm/193.shtml
193,/pokedex-sm/194.shtml
194,/pokedex-sm/195.shtml
195,/pokedex-sm/196.shtml
196,/pokedex-sm/197.shtml
197,/pokedex-sm/198.shtml
198,/pokedex-sm/199.shtml
199,/pokedex-sm/200.shtml
200,/pokedex-sm/201.shtml
201,/pokedex-sm/202.shtml
202,/pokedex-sm/203.shtml
203,/pokedex-sm/204.shtml
204,/pokedex-sm/205.shtml
205,/pokedex-sm/206.shtml
206,/pokedex-sm/207.shtml
207,/pokedex-sm/208.shtml
208,/pokedex-sm/209.shtml
209,/pokedex-sm/210.shtml
210,/pokedex-sm/211.shtml
211,/pokedex-sm/212.shtml
212,/pokedex-sm/213.shtml
213,/pokedex-sm/214.shtml
214,/pokedex-sm/215.shtml
215,/pokedex-sm/216.shtml
216,/pokedex-sm/217.shtml
217,/pokedex-sm/218.shtml
218,/pokedex-sm/219.shtml
219,/pokedex-sm/220.shtml
220,/pokedex-sm/221.shtml
221,/pokedex-sm/222.shtml
222,/pokedex-sm/223.shtml
223,/pokedex-sm/224.shtml
224,/pokedex-sm/225.shtml
225,/pokedex-sm/226.shtml
226,/pokedex-sm/227.shtml
227,/pokedex-sm/228.shtml
228,/pokedex-sm/229.shtml
229,/pokedex-sm/230.shtml
230,/pokedex-sm/231.shtml
231,/pokedex-sm/232.shtml
232,/pokedex-sm/233.shtml
233,/pokedex-sm/234.shtml
234,/pokedex-sm/235.shtml
235,/pokedex-sm/236.shtml
236,/pokedex-sm/237.shtml
237,/pokedex-sm/238.shtml
238,/pokedex-sm/239.shtml
239,/pokedex-sm/240.shtml
240,/pokedex-sm/241.shtml
241,/pokedex-sm/242.shtml
242,/pokedex-sm/243.shtml
243,/pokedex-sm/244.shtml
244,/pokedex-sm/245.shtml
245,/pokedex-sm/246.shtml
246,/pokedex-sm/247.shtml
247,/pokedex-sm/248.shtml
248,/pokedex-sm/249.shtml
249,/pokedex-sm/250.shtml
250,/pokedex-sm/251.shtml
251,/pokedex-sm/252.shtml
252,/pokedex-sm/253.shtml
253,/pokedex-sm/254.shtml
254,/pokedex-sm/255.shtml
255,/pokedex-sm/256.shtml
256,/pokedex-sm/257.shtml
257,/pokedex-sm/258.shtml
258,/pokedex-sm/259.shtml
259,/pokedex-sm/260.shtml
260,/pokedex-sm/261.shtml
261,/pokedex-sm/262.shtml
262,/pokedex-sm/263.shtml
263,/pokedex-sm/264.shtml
264,/pokedex-sm/265.shtml
265,/pokedex-sm/266.shtml
266,/pokedex-sm/267.shtml
267,/pokedex-sm/268.shtml
268,/pokedex-sm/269.shtml
269,/pokedex-sm/270.shtml
270,/pokedex-sm/271.shtml
271,/pokedex-sm/272.shtml
272,/pokedex-sm/273.shtml
273,/pokedex-sm/274.shtml
274,/pokedex-sm/275.shtml
275,/pokedex-sm/276.shtml
276,/pokedex-sm/277.shtml
277,/pokedex-sm/278.shtml
278,/pokedex-sm/279.shtml
279,/pokedex-sm/280.shtml
280,/pokedex-sm/281.shtml
281,/pokedex-sm/282.shtml
282,/pokedex-sm/283.shtml
283,/pokedex-sm/284.shtml
284,/pokedex-sm/285.shtml
285,/pokedex-sm/286.shtml
286,/pokedex-sm/287.shtml
287,/pokedex-sm/288.shtml
288,/pokedex-sm/289.shtml
289,/pokedex-sm/290.shtml
290,/pokedex-sm/291.shtml
291,/pokedex-sm/292.shtml
292,/pokedex-sm/293.shtml
293,/pokedex-sm/294.shtml
294,/pokedex-sm/295.shtml
295,/pokedex-sm/296.shtml
296,/pokedex-sm/297.shtml
297,/pokedex-sm/298.shtml
298,/pokedex-sm/299.shtml
299,/pokedex-sm/300.shtml
300,/pokedex-sm/301.shtml
301,/pokedex-sm/302.shtml
302,/pokedex-sm/303.shtml
303,/pokedex-sm/304.shtml
304,/pokedex-sm/305.shtml
305,/pokedex-sm/306.shtml
306,/pokedex-sm/307.shtml
307,/pokedex-sm/308.shtml
308,/pokedex-sm/309.shtml
309,/pokedex-sm/310.shtml
310,/pokedex-sm/311.shtml
311,/pokedex-sm/312.shtml
312,/pokedex-sm/313.shtml
313,/pokedex-sm/314.shtml
314,/pokedex-sm/315.shtml
315,/pokedex-sm/316.shtml
316,/pokedex-sm/317.shtml
317,/pokedex-sm/318.shtml
318,/pokedex-sm/319.shtml
319,/pokedex-sm/320.shtml
320,/pokedex-sm/321.shtml
321,/pokedex-sm/322.shtml
322,/pokedex-sm/323.shtml
323,/pokedex-sm/324.shtml
324,/pokedex-sm/325.shtml
325,/pokedex-sm/326.shtml
326,/pokedex-sm/327.shtml
327,/pokedex-sm/328.shtml
328,/pokedex-sm/329.shtml
329,/pokedex-sm/330.shtml
330,/pokedex-sm/331.shtml
331,/pokedex-sm/332.shtml
332,/pokedex-sm/333.shtml
333,/pokedex-sm/334.shtml
334,/pokedex-sm/335.shtml
335,/pokedex-sm/336.shtml
336,/pokedex-sm/337.shtml
337,/pokedex-sm/338.shtml
338,/pokedex-sm/339.shtml
339,/pokedex-sm/340.shtml
340,/pokedex-sm/341.shtml
341,/pokedex-sm/342.shtml
342,/pokedex-sm/343.shtml
343,/pokedex-sm/344.shtml
344,/pokedex-sm/345.shtml
345,/pokedex-sm/346.shtml
346,/pokedex-sm/347.shtml
347,/pokedex-sm/348.shtml
348,/pokedex-sm/349.shtml
349,/pokedex-sm/350.shtml
350,/pokedex-sm/351.shtml
351,/pokedex-sm/352.shtml
352,/pokedex-sm/353.shtml
353,/pokedex-sm/354.shtml
354,/pokedex-sm/355.shtml
355,/pokedex-sm/356.shtml
356,/pokedex-sm/357.shtml
357,/pokedex-sm/358.shtml
358,/pokedex-sm/359.shtml
359,/pokedex-sm/360.shtml
360,/pokedex-sm/361.shtml
361,/pokedex-sm/362.shtml
362,/pokedex-sm/363.shtml
363,/pokedex-sm/364.shtml
364,/pokedex-sm/365.shtml
365,/pokedex-sm/366.shtml
366,/pokedex-sm/367.shtml
367,/pokedex-sm/368.shtml
368,/pokedex-sm/369.shtml
369,/pokedex-sm/370.shtml
370,/pokedex-sm/371.shtml
371,/pokedex-sm/372.shtml
372,/pokedex-sm/373.shtml
373,/pokedex-sm/374.shtml
374,/pokedex-sm/375.shtml
375,/pokedex-sm/376.shtml
376,/pokedex-sm/377.shtml
377,/pokedex-sm/378.shtml
378,/pokedex-sm/379.shtml
379,/pokedex-sm/380.shtml
380,/pokedex-sm/381.shtml
381,/pokedex-sm/382.shtml
382,/pokedex-sm/383.shtml
383,/pokedex-sm/384.shtml
384,/pokedex-sm/385.shtml
385,/pokedex-sm/386.shtml
386,/pokedex-sm/387.shtml
387,/pokedex-sm/388.shtml
388,/pokedex-sm/389.shtml
389,/pokedex-sm/390.shtml
390,/pokedex-sm/391.shtml
391,/pokedex-sm/392.shtml
392,/pokedex-sm/393.shtml
393,/pokedex-sm/394.shtml
394,/pokedex-sm/395.shtml
395,/pokedex-sm/396.shtml
396,/pokedex-sm/397.shtml
397,/pokedex-sm/398.shtml
398,/pokedex-sm/399.shtml
399,/pokedex-sm/400.shtml
400,/pokedex-sm/401.shtml
401,/pokedex-sm/402.shtml
402,/pokedex-sm/403.shtml
403,/pokedex-sm/404.shtml
404,/pokedex-sm/405.shtml
405,/pokedex-sm/406.shtml
406,/pokedex-sm/407.shtml
407,/pokedex-sm/408.shtml
408,/pokedex-sm/409.shtml
409,/pokedex-sm/410.shtml
410,/pokedex-sm/411.shtml
411,/pokedex-sm/412.shtml
412,/pokedex-sm/413.shtml
413,/pokedex-sm/414.shtml
414,/pokedex-sm/415.shtml
415,/pokedex-sm/416.shtml
416,/pokedex-sm/417.shtml
417,/pokedex-sm/418.shtml
418,/pokedex-sm/419.shtml
419,/pokedex-sm/420.shtml
420,/pokedex-sm/421.shtml
421,/pokedex-sm/422.shtml
422,/pokedex-sm/423.shtml
423,/pokedex-sm/424.shtml
424,/pokedex-sm/425.shtml
425,/pokedex-sm/426.shtml
426,/pokedex-sm/427.shtml
427,/pokedex-sm/428.shtml
428,/pokedex-sm/429.shtml
429,/pokedex-sm/430.shtml
430,/pokedex-sm/431.shtml
431,/pokedex-sm/432.shtml
432,/pokedex-sm/433.shtml
433,/pokedex-sm/434.shtml
434,/pokedex-sm/435.shtml
435,/pokedex-sm/436.shtml
436,/pokedex-sm/437.shtml
437,/pokedex-sm/438.shtml
438,/pokedex-sm/439.shtml
439,/pokedex-sm/440.shtml
440,/pokedex-sm/441.shtml
441,/pokedex-sm/442.shtml
442,/pokedex-sm/443.shtml
443,/pokedex-sm/444.shtml
444,/pokedex-sm/445.shtml
445,/pokedex-sm/446.shtml
446,/pokedex-sm/447.shtml
447,/pokedex-sm/448.shtml
448,/pokedex-sm/449.shtml
449,/pokedex-sm/450.shtml
450,/pokedex-sm/451.shtml
451,/pokedex-sm/452.shtml
452,/pokedex-sm/453.shtml
453,/pokedex-sm/454.shtml
454,/pokedex-sm/455.shtml
455,/pokedex-sm/456.shtml
456,/pokedex-sm/457.shtml
457,/pokedex-sm/458.shtml
458,/pokedex-sm/459.shtml
459,/pokedex-sm/460.shtml
460,/pokedex-sm/461.shtml
461,/pokedex-sm/462.shtml
462,/pokedex-sm/463.shtml
463,/pokedex-sm/464.shtml
464,/pokedex-sm/465.shtml
465,/pokedex-sm/466.shtml
466,/pokedex-sm/467.shtml
467,/pokedex-sm/468.shtml
468,/pokedex-sm/469.shtml
469,/pokedex-sm/470.shtml
470,/pokedex-sm/471.shtml
471,/pokedex-sm/472.shtml
472,/pokedex-sm/473.shtml
473,/pokedex-sm/474.shtml
474,/pokedex-sm/475.shtml
475,/pokedex-sm/476.shtml
476,/pokedex-sm/477.shtml
477,/pokedex-sm/478.shtml
478,/pokedex-sm/479.shtml
479,/pokedex-sm/480.shtml
480,/pokedex-sm/481.shtml
481,/pokedex-sm/482.shtml
482,/pokedex-sm/483.shtml
483,/pokedex-sm/484.shtml
484,/pokedex-sm/485.shtml
485,/pokedex-sm/486.shtml
486,/pokedex-sm/487.shtml
487,/pokedex-sm/488.shtml
488,/pokedex-sm/489.shtml
489,/pokedex-sm/490.shtml
490,/pokedex-sm/491.shtml
491,/pokedex-sm/492.shtml
492,/pokedex-sm/493.shtml
493,/pokedex-sm/494.shtml
494,/pokedex-sm/495.shtml
495,/pokedex-sm/496.shtml
496,/pokedex-sm/497.shtml
497,/pokedex-sm/498.shtml
498,/pokedex-sm/499.shtml
499,/pokedex-sm/500.shtml
500,/pokedex-sm/501.shtml
501,/pokedex-sm/502.shtml
502,/pokedex-sm/503.shtml
503,/pokedex-sm/504.shtml
504,/pokedex-sm/505.shtml
505,/pokedex-sm/506.shtml
506,/pokedex-sm/507.shtml
507,/pokedex-sm/508.shtml
508,/pokedex-sm/509.shtml
509,/pokedex-sm/510.shtml
510,/pokedex-sm/511.shtml
511,/pokedex-sm/512.shtml
512,/pokedex-sm/513.shtml
513,/pokedex-sm/514.shtml
514,/pokedex-sm/515.shtml
515,/pokedex-sm/516.shtml
516,/pokedex-sm/517.shtml
517,/pokedex-sm/518.shtml
518,/pokedex-sm/519.shtml
519,/pokedex-sm/520.shtml
520,/pokedex-sm/521.shtml
521,/pokedex-sm/522.shtml
522,/pokedex-sm/523.shtml
523,/pokedex-sm/524.shtml
524,/pokedex-sm/525.shtml
525,/pokedex-sm/526.shtml
526,/pokedex-sm/527.shtml
527,/pokedex-sm/528.shtml
528,/pokedex-sm/529.shtml
529,/pokedex-sm/530.shtml
530,/pokedex-sm/531.shtml
531,/pokedex-sm/532.shtml
532,/pokedex-sm/533.shtml
533,/pokedex-sm/534.shtml
534,/pokedex-sm/535.shtml
535,/pokedex-sm/536.shtml
536,/pokedex-sm/537.shtml
537,/pokedex-sm/538.shtml
538,/pokedex-sm/539.shtml
539,/pokedex-sm/540.shtml
540,/pokedex-sm/541.shtml
541,/pokedex-sm/542.shtml
542,/pokedex-sm/543.shtml
543,/pokedex-sm/544.shtml
544,/pokedex-sm/545.shtml
545,/pokedex-sm/546.shtml
546,/pokedex-sm/547.shtml
547,/pokedex-sm/548.shtml
548,/pokedex-sm/549.shtml
549,/pokedex-sm/550.shtml
550,/pokedex-sm/551.shtml
551,/pokedex-sm/552.shtml
552,/pokedex-sm/553.shtml
553,/pokedex-sm/554.shtml
554,/pokedex-sm/555.shtml
555,/pokedex-sm/556.shtml
556,/pokedex-sm/557.shtml
557,/pokedex-sm/558.shtml
558,/pokedex-sm/559.shtml
559,/pokedex-sm/560.shtml
560,/pokedex-sm/561.shtml
561,/pokedex-sm/562.shtml
562,/pokedex-sm/563.shtml
563,/pokedex-sm/564.shtml
564,/pokedex-sm/565.shtml
565,/pokedex-sm/566.shtml
566,/pokedex-sm/567.shtml
567,/pokedex-sm/568.shtml
568,/pokedex-sm/569.shtml
569,/pokedex-sm/570.shtml
570,/pokedex-sm/571.shtml
571,/pokedex-sm/572.shtml
572,/pokedex-sm/573.shtml
573,/pokedex-sm/574.shtml
574,/pokedex-sm/575.shtml
575,/pokedex-sm/576.shtml
576,/pokedex-sm/577.shtml
577,/pokedex-sm/578.shtml
578,/pokedex-sm/579.shtml
579,/pokedex-sm/580.shtml
580,/pokedex-sm/581.shtml
581,/pokedex-sm/582.shtml
582,/pokedex-sm/583.shtml
583,/pokedex-sm/584.shtml
584,/pokedex-sm/585.shtml
585,/pokedex-sm/586.shtml
586,/pokedex-sm/587.shtml
587,/pokedex-sm/588.shtml
588,/pokedex-sm/589.shtml
589,/pokedex-sm/590.shtml
590,/pokedex-sm/591.shtml
591,/pokedex-sm/592.shtml
592,/pokedex-sm/593.shtml
593,/pokedex-sm/594.shtml
594,/pokedex-sm/595.shtml
595,/pokedex-sm/596.shtml
596,/pokedex-sm/597.shtml
597,/pokedex-sm/598.shtml
598,/pokedex-sm/599.shtml
599,/pokedex-sm/600.shtml
600,/pokedex-sm/601.shtml
601,/pokedex-sm/602.shtml
602,/pokedex-sm/603.shtml
603,/pokedex-sm/604.shtml
604,/pokedex-sm/605.shtml
605,/pokedex-sm/606.shtml
606,/pokedex-sm/607.shtml
607,/pokedex-sm/608.shtml
608,/pokedex-sm/609.shtml
609,/pokedex-sm/610.shtml
610,/pokedex-sm/611.shtml
611,/pokedex-sm/612.shtml
612,/pokedex-sm/613.shtml
613,/pokedex-sm/614.shtml
614,/pokedex-sm/615.shtml
615,/pokedex-sm/616.shtml
616,/pokedex-sm/617.shtml
617,/pokedex-sm/618.shtml
618,/pokedex-sm/619.shtml
619,/pokedex-sm/620.shtml
620,/pokedex-sm/621.shtml
621,/pokedex-sm/622.shtml
622,/pokedex-sm/623.shtml
623,/pokedex-sm/624.shtml
624,/pokedex-sm/625.shtml
625,/pokedex-sm/626.shtml
626,/pokedex-sm/627.shtml
627,/pokedex-sm/628.shtml
628,/pokedex-sm/629.shtml
629,/pokedex-sm/630.shtml
630,/pokedex-sm/631.shtml
631,/pokedex-sm/632.shtml
632,/pokedex-sm/633.shtml
633,/pokedex-sm/634.shtml
634,/pokedex-sm/635.shtml
635,/pokedex-sm/636.shtml
636,/pokedex-sm/637.shtml
637,/pokedex-sm/638.shtml
638,/pokedex-sm/639.shtml
639,/pokedex-sm/640.shtml
640,/pokedex-sm/641.shtml
641,/pokedex-sm/642.shtml
642,/pokedex-sm/643.shtml
643,/pokedex-sm/644.shtml
644,/pokedex-sm/645.shtml
645,/pokedex-sm/646.shtml
646,/pokedex-sm/647.shtml
647,/pokedex-sm/648.shtml
648,/pokedex-sm/649.shtml
649,/pokedex-sm/650.shtml
650,/pokedex-sm/651.shtml
651,/pokedex-sm/652.shtml
652,/pokedex-sm/653.shtml
653,/pokedex-sm/654.shtml
654,/pokedex-sm/655.shtml
655,/pokedex-sm/656.shtml
656,/pokedex-sm/657.shtml
657,/pokedex-sm/658.shtml
658,/pokedex-sm/659.shtml
659,/pokedex-sm/660.shtml
660,/pokedex-sm/661.shtml
661,/pokedex-sm/662.shtml
662,/pokedex-sm/663.shtml
663,/pokedex-sm/664.shtml
664,/pokedex-sm/665.shtml
665,/pokedex-sm/666.shtml
666,/pokedex-sm/667.shtml
667,/pokedex-sm/668.shtml
668,/pokedex-sm/669.shtml
669,/pokedex-sm/670.shtml
670,/pokedex-sm/671.shtml
671,/pokedex-sm/672.shtml
672,/pokedex-sm/673.shtml
673,/pokedex-sm/674.shtml
674,/pokedex-sm/675.shtml
675,/pokedex-sm/676.shtml
676,/pokedex-sm/677.shtml
677,/pokedex-sm/678.shtml
678,/pokedex-sm/679.shtml
679,/pokedex-sm/680.shtml
680,/pokedex-sm/681.shtml
681,/pokedex-sm/682.shtml
682,/pokedex-sm/683.shtml
683,/pokedex-sm/684.shtml
684,/pokedex-sm/685.shtml
685,/pokedex-sm/686.shtml
686,/pokedex-sm/687.shtml
687,/pokedex-sm/688.shtml
688,/pokedex-sm/689.shtml
689,/pokedex-sm/690.shtml
690,/pokedex-sm/691.shtml
691,/pokedex-sm/692.shtml
692,/pokedex-sm/693.shtml
693,/pokedex-sm/694.shtml
694,/pokedex-sm/695.shtml
695,/pokedex-sm/696.shtml
696,/pokedex-sm/697.shtml
697,/pokedex-sm/698.shtml
698,/pokedex-sm/699.shtml
699,/pokedex-sm/700.shtml
700,/pokedex-sm/701.shtml
701,/pokedex-sm/702.shtml
702,/pokedex-sm/703.shtml
703,/pokedex-sm/704.shtml
704,/pokedex-sm/705.shtml
705,/pokedex-sm/706.shtml
706,/pokedex-sm/707.shtml
707,/pokedex-sm/708.shtml
708,/pokedex-sm/709.shtml
709,/pokedex-sm/710.shtml
710,/pokedex-sm/711.shtml
711,/pokedex-sm/712.shtml
712,/pokedex-sm/713.shtml
713,/pokedex-sm/714.shtml
714,/pokedex-sm/715.shtml
715,/pokedex-sm/716.shtml
716,/pokedex-sm/717.shtml
717,/pokedex-sm/718.shtml
718,/pokedex-sm/719.shtml
719,/pokedex-sm/720.shtml
720,/pokedex-sm/721.shtml
721,/pokedex-sm/722.shtml
722,/pokedex-sm/723.shtml
723,/pokedex-sm/724.shtml
724,/pokedex-sm/725.shtml
725,/pokedex-sm/726.shtml
726,/pokedex-sm/727.shtml
727,/pokedex-sm/728.shtml
728,/pokedex-sm/729.shtml
729,/pokedex-sm/730.shtml
730,/pokedex-sm/731.shtml
731,/pokedex-sm/732.shtml
732,/pokedex-sm/733.shtml
733,/pokedex-sm/734.shtml
734,/pokedex-sm/735.shtml
735,/pokedex-sm/736.shtml
736,/pokedex-sm/737.shtml
737,/pokedex-sm/738.shtml
738,/pokedex-sm/739.shtml
739,/pokedex-sm/740.shtml
740,/pokedex-sm/741.shtml
741,/pokedex-sm/742.shtml
742,/pokedex-sm/743.shtml
743,/pokedex-sm/744.shtml
744,/pokedex-sm/745.shtml
745,/pokedex-sm/746.shtml
746,/pokedex-sm/747.shtml
747,/pokedex-sm/748.shtml
748,/pokedex-sm/749.shtml
749,/pokedex-sm/750.shtml
750,/pokedex-sm/751.shtml
751,/pokedex-sm/752.shtml
752,/pokedex-sm/753.shtml
753,/pokedex-sm/754.shtml
754,/pokedex-sm/755.shtml
755,/pokedex-sm/756.shtml
756,/pokedex-sm/757.shtml
757,/pokedex-sm/758.shtml
758,/pokedex-sm/759.shtml
759,/pokedex-sm/760.shtml
760,/pokedex-sm/761.shtml
761,/pokedex-sm/762.shtml
762,/pokedex-sm/763.shtml
763,/pokedex-sm/764.shtml
764,/pokedex-sm/765.shtml
765,/pokedex-sm/766.shtml
766,/pokedex-sm/767.shtml
767,/pokedex-sm/768.shtml
768,/pokedex-sm/769.shtml
769,/pokedex-sm/770.shtml
770,/pokedex-sm/771.shtml
771,/pokedex-sm/772.shtml
772,/pokedex-sm/773.shtml
773,/pokedex-sm/774.shtml
774,/pokedex-sm/775.shtml
775,/pokedex-sm/776.shtml
776,/pokedex-sm/777.shtml
777,/pokedex-sm/778.shtml
778,/pokedex-sm/779.shtml
779,/pokedex-sm/780.shtml
780,/pokedex-sm/781.shtml
781,/pokedex-sm/782.shtml
782,/pokedex-sm/783.shtml
783,/pokedex-sm/784.shtml
784,/pokedex-sm/785.shtml
785,/pokedex-sm/786.shtml
786,/pokedex-sm/787.shtml
787,/pokedex-sm/788.shtml
788,/pokedex-sm/789.shtml
789,/pokedex-sm/790.shtml
790,/pokedex-sm/791.shtml
791,/pokedex-sm/792.shtml
792,/pokedex-sm/793.shtml
793,/pokedex-sm/794.shtml
794,/pokedex-sm/795.shtml
795,/pokedex-sm/796.shtml
796,/pokedex-sm/797.shtml
797,/pokedex-sm/798.shtml
798,/pokedex-sm/799.shtml
799,/pokedex-sm/800.shtml
800,/pokedex-sm/801.shtml
801,/pokedex-sm/802.shtml
802,/pokedex-sm/803.shtml
803,/pokedex-sm/804.shtml
804,/pokedex-sm/805.shtml
805,/pokedex-sm/806.shtml
806,/pokedex-sm/807.shtml
807,/pokedex-sm/808.shtml
808,/pokedex-sm/809.shtml
809,/pokedex-swsh/grookey/
810,/pokedex-swsh/thwackey/
811,/pokedex-swsh/rillaboom/
812,/pokedex-swsh/scorbunny/
813,/pokedex-swsh/raboot/
814,/pokedex-swsh/cinderace/
815,/pokedex-swsh/sobble/
816,/pokedex-swsh/drizzile/
817,/pokedex-swsh/inteleon/
818,/pokedex-swsh/skwovet/
819,/pokedex-swsh/greedent/
820,/pokedex-swsh/rookidee/
821,/pokedex-swsh/corvisquire/
822,/pokedex-swsh/corviknight/
823,/pokedex-swsh/blipbug/
824,/pokedex-swsh/dottler/
825,/pokedex-swsh/orbeetle/
826,/pokedex-swsh/nickit/
827,/pokedex-swsh/thievul/
828,/pokedex-swsh/gossifleur/
829,/pokedex-swsh/eldegoss/
830,/pokedex-swsh/wooloo/
831,/pokedex-swsh/dubwool/
832,/pokedex-swsh/chewtle/
833,/pokedex-swsh/drednaw/
834,/pokedex-swsh/yamper/
835,/pokedex-swsh/boltund/
836,/pokedex-swsh/rolycoly/
837,/pokedex-swsh/carkol/
838,/pokedex-swsh/coalossal/
839,/pokedex-swsh/applin/
840,/pokedex-swsh/flapple/
841,/pokedex-swsh/appletun/
842,/pokedex-swsh/silicobra/
843,/pokedex-swsh/sandaconda/
844,/pokedex-swsh/cramorant/
845,/pokedex-swsh/arrokuda/
846,/pokedex-swsh/barraskewda/
847,/pokedex-swsh/toxel/
848,/pokedex-swsh/toxtricity/
849,/pokedex-swsh/sizzlipede/
850,/pokedex-swsh/centiskorch/
851,/pokedex-swsh/clobbopus/
852,/pokedex-swsh/grapploct/
853,/pokedex-swsh/sinistea/
854,/pokedex-swsh/polteageist/
855,/pokedex-swsh/hatenna/
856,/pokedex-swsh/hattrem/
857,/pokedex-swsh/hatterene/
858,/pokedex-swsh/impidimp/
859,/pokedex-swsh/morgrem/
860,/pokedex-swsh/grimmsnarl/
861,/pokedex-swsh/obstagoon/
862,/pokedex-swsh/perrserker/
863,/pokedex-swsh/cursola/
864,/pokedex-swsh/sirfetch'd/
865,/pokedex-swsh/mr.rime/
866,/pokedex-swsh/runerigus/
867,/pokedex-swsh/milcery/
868,/pokedex-swsh/alcremie/
869,/pokedex-swsh/falinks/
870,/pokedex-swsh/pincurchin/
871,/pokedex-swsh/snom/
872,/pokedex-swsh/frosmoth/
873,/pokedex-swsh/stonjourner/
874,/pokedex-swsh/eiscue/
875,/pokedex-swsh/indeedee/
876,/pokedex-swsh/morpeko/
877,/pokedex-swsh/cufant/
878,/pokedex-swsh/copperajah/
879,/pokedex-swsh/dracozolt/
880,/pokedex-swsh/arctozolt/
881,/pokedex-swsh/dracovish/
882,/pokedex-swsh/arctovish/
883,/pokedex-swsh/duraludon/
884,/pokedex-swsh/dreepy/
885,/pokedex-swsh/drakloak/
886,/pokedex-swsh/dragapult/
887,/pokedex-swsh/zacian/
888,/pokedex-swsh/zamazenta/
889,/pokedex-swsh/eternatus/
890,/pokedex-swsh/kubfu/
891,/pokedex-swsh/urshifu/
892,/pokedex-swsh/zarude/
893,/pokedex-swsh/regieleki/
894,/pokedex-swsh/regidrago/
895,/pokedex-swsh/glastrier/
896,/pokedex-swsh/spectrier/
897,/pokedex-swsh/calyrex/
898,/pokedex-swsh/wyrdeer/
899,/pokedex-swsh/kleavor/
900,/pokedex-swsh/ursaluna/
901,/pokedex-swsh/basculegion/
902,/pokedex-swsh/sneasler/
903,/pokedex-swsh/overqwil/
904,/pokedex-swsh/enamorus/
905,/pokedex-sv/sprigatito/
906,/pokedex-sv/floragato/
907,/pokedex-sv/meowscarada/
908,/pokedex-sv/fuecoco/
909,/pokedex-sv/crocalor/
910,/pokedex-sv/skeledirge/
911,/pokedex-sv/quaxly/
912,/pokedex-sv/quaxwell/
913,/pokedex-sv/quaquaval/
914,/pokedex-sv/lechonk/
915,/pokedex-sv/oinkologne/
916,/pokedex-sv/tarountula/
917,/pokedex-sv/spidops/
918,/pokedex-sv/nymble/
919,/pokedex-sv/lokix/
920,/pokedex-sv/pawmi/
921,/pokedex-sv/pawmo/
922,/pokedex-sv/pawmot/
923,/pokedex-sv/tandemaus/
924,/pokedex-sv/maushold/
925,/pokedex-sv/fidough/
926,/pokedex-sv/dachsbun/
927,/pokedex-sv/smoliv/
928,/pokedex-sv/dolliv/
929,/pokedex-sv/arboliva/
930,/pokedex-sv/squawkabilly/
931,/pokedex-sv/nacli/
932,/pokedex-sv/naclstack/
933,/pokedex-sv/garganacl/
934,/pokedex-sv/charcadet/
935,/pokedex-sv/armarouge/
936,/pokedex-sv/ceruledge/
937,/pokedex-sv/tadbulb/
938,/pokedex-sv/bellibolt/
939,/pokedex-sv/wattrel/
940,/pokedex-sv/kilowattrel/
941,/pokedex-sv/maschiff/
942,/pokedex-sv/mabosstiff/
943,/pokedex-sv/shroodle/
944,/pokedex-sv/grafaiai/
945,/pokedex-sv/bramblin/
946,/pokedex-sv/brambleghast/
947,/pokedex-sv/toedscool/
948,/pokedex-sv/toedscruel/
949,/pokedex-sv/klawf/
950,/pokedex-sv/capsakid/
951,/pokedex-sv/scovillain/
952,/pokedex-sv/rellor/
953,/pokedex-sv/rabsca/
954,/pokedex-sv/flittle/
955,/pokedex-sv/espathra/
956,/pokedex-sv/tinkatink/
957,/pokedex-sv/tinkatuff/
958,/pokedex-sv/tinkaton/
959,/pokedex-sv/wiglett/
960,/pokedex-sv/wugtrio/
961,/pokedex-sv/bombirdier/
962,/pokedex-sv/finizen/
963,/pokedex-sv/palafin/
964,/pokedex-sv/varoom/
965,/pokedex-sv/revavroom/
966,/pokedex-sv/cyclizar/
967,/pokedex-sv/orthworm/
968,/pokedex-sv/glimmet/
969,/pokedex-sv/glimmora/
970,/pokedex-sv/greavard/
971,/pokedex-sv/houndstone/
972,/pokedex-sv/flamigo/
973,/pokedex-sv/cetoddle/
974,/pokedex-sv/cetitan/
975,/pokedex-sv/veluza/
976,/pokedex-sv/dondozo/
977,/pokedex-sv/tatsugiri/
978,/pokedex-sv/annihilape/
979,/pokedex-sv/clodsire/
980,/pokedex-sv/farigiraf/
981,/pokedex-sv/dudunsparce/
982,/pokedex-sv/kingambit/
983,/pokedex-sv/greattusk/
984,/pokedex-sv/screamtail/
985,/pokedex-sv/brutebonnet/
986,/pokedex-sv/fluttermane/
987,/pokedex-sv/slitherwing/
988,/pokedex-sv/sandyshocks/
989,/pokedex-sv/irontreads/
990,/pokedex-sv/ironbundle/
991,/pokedex-sv/ironhands/
992,/pokedex-sv/ironjugulis/
993,/pokedex-sv/ironmoth/
994,/pokedex-sv/ironthorns/
995,/pokedex-sv/frigibax/
996,/pokedex-sv/arctibax/
997,/pokedex-sv/baxcalibur/
998,/pokedex-sv/gimmighoul/
999,/pokedex-sv/gholdengo/
1000,/pokedex-sv/wo-chien/
1001,/pokedex-sv/chien-pao/
1002,/pokedex-sv/ting-lu/
1003,/pokedex-sv/chi-yu/
1004,/pokedex-sv/roaringmoon/
1005,/pokedex-sv/ironvaliant/
1006,/pokedex-sv/koraidon/
1007,/pokedex-sv/miraidon/
1008,/pokedex-sv/walkingwake/
1009,/pokedex-sv/ironleaves/
1010,/pokedex-sv/dipplin/
1011,/pokedex-sv/poltchageist/
1012,/pokedex-sv/sinistcha/
1013,/pokedex-sv/okidogi/
1014,/pokedex-sv/munkidori/
1015,/pokedex-sv/fezandipiti/
1016,/pokedex-sv/ogerpon/
1017,/pokedex-sv/archaludon/
1018,/pokedex-sv/hydrapple/
1019,/pokedex-sv/gougingfire/
1020,/pokedex-sv/ragingbolt/
1021,/pokedex-sv/ironboulder/
1022,/pokedex-sv/ironcrown/
1023,/pokedex-sv/terapagos/
1024,/pokedex-sv/pecharunt/
